;; Saldo inicial ;; 2024 ;; Saldo final ;;;;;C= Crédito;;;;;;
;;;;;;;;;;;D=Débito;;;;;;
;;;;;;;;;;;D y C= Débito y Crédito;;;;;;
;;;;;;;;;;;;;;;;;
Cons. ;Cuenta PUC; Débito ; Crédito ; Débito ; Crédito ; Débito ; Crédito ;Formulario;Concepto;Descripción;Naturaleza Cta.;Ubicación / Casilla;Formulario;Concepto;Descripción;Naturaleza Cta.;Ubicación / Casilla
1;110200 Inventario Recepciones;;; 202.568.880,81 ; 15.582.457.336,02 ;; 15.379.888.455,21 ;;;;;;;;;;
2;110300 Inventario Entregas;;; 17.092.578.591,28 ; 2.389.768.053,69 ; 14.702.810.537,59 ;;;;;;;;;;;
3;11050501 CAJA GENERAL                                      ; 14.343.826,35 ;; 160.925,00 ; 844.245,00 ; 13.660.506,35 ;;;;;;;;;;;
4;11051002 CAJA PAGOS LOGISTICOS                             ; 226.600,00 ;;;; 226.600,00 ;;;;;;;;;;;
5;11051003 CAJA PRINCIPAL 1                                  ; 43.630.000,00 ;;;; 43.630.000,00 ;;;;;;;;;;;
6;11051004 CAJA PRINCIPAL 2                                  ; 29.449.302,00 ;;;; 29.449.302,00 ;;;;;;;;;;;
7;11100201 COBROS PENDIENTES;;; 122.322,00 ;; 122.322,00 ;;;;;;;;;;;
8;11100301 PAGOS PENDIENTES;;;; 63.933.031,00 ;; 63.933.031,00 ;;;;;;;;;;
9;11100505 BOGOTA CTA CORRIENTE (694819)                     ; 0,57 ;; 169.646.311,10 ; 99.168.283,95 ; 70.478.027,72 ;;1012;1110;Saldo de la cuenta por tercero (25);D y C;(K) Vr a 31 de diciembre;;;;;
10;11100510 BANCOLOMBIA CTA CTE (0536)                        ; 119.727.696,35 ;; 5.281.037.237,46 ; 2.197.802.267,02 ; 3.202.962.666,79 ;;1012;1110;Saldo de la cuenta por tercero (25);D y C;(K) Vr a 31 de diciembre;;;;;
11;11100515 BANCOOMEVA CTA CTE (201106)                       ; 0,60 ;;; 2.117.080.184,00 ;; 2.117.080.183,40 ;1012;1110;Saldo de la cuenta por tercero (25);D y C;(K) Vr a 31 de diciembre;;;;;
12;11150101 TRANSFERENCIA INTERNA;;; 1,00 ; 1,00 ;;;;;;;;;;;;
13;11151001 BANCO DE BOGOTA MIAMI 92619                       ; 698.900,06 ;;;; 698.900,06 ;;1012;1110;Saldo de la cuenta por tercero (25);D y C;(K) Vr a 31 de diciembre;;;;;
14;11200501 BANCOLOMBIA CTA AHO 1396300181                    ; 184.337.847,15 ;; 19.337.951.693,68 ; 9.452.349.388,15 ; 10.069.940.152,68 ;;1012;1110;Saldo de la cuenta por tercero (25);D y C;(K) Vr a 31 de diciembre;;;;;
15;11200510 IRIS CTA AHORROS 0541;;; 890.794.425,95 ; 890.241.745,87 ; 552.680,08 ;;1012;1110;Saldo de la cuenta por tercero (25);D y C;(K) Vr a 31 de diciembre;;;;;
16;12450502 FIDUCUENTA FIDUCIARIA BANCOLOMBIA 1846            ; 2.137.490,53 ;; 246.099,69 ; 8.111,06 ; 2.375.479,16 ;;1012;1203;Saldo de la cuenta por tercero (26);D y C;(K) Vr a 31 de diciembre;;;;;
17;13050501 CLIENTES NACIONALES                               ; 2.059.272.798,44 ;; 41.897.872.351,88 ; 39.614.249.691,24 ; 4.342.895.459,08 ;;1008;1315;Saldo de la cuenta por tercero (16);D MENOS C;(N) Saldo CXC a 31 diciembre;;;;;
18;13250501 A SOCIOS                                          ; 512.294.066,00 ;;;; 512.294.066,00 ;;1008;1317;Saldo de la cuenta por tercero (17);D MENOS C;(N) Saldo CXC a 31 diciembre;;;;;
19;13300501 A PROVEEDORES                                     ; 11.704.044,00 ;; 63.542.042,00 ;; 75.246.086,00 ;;1008;1317;Saldo de la cuenta por tercero (18);D MENOS C;(N) Saldo CXC a 31 diciembre;;;;;
20;13309501 OTROS                                             ; 47.294.973,42 ;; 123.787.531,00 ; 943.061.180,82 ;; 771.978.676,40 ;1008;1317;Saldo de la cuenta por tercero (18);D MENOS C;(N) Saldo CXC a 31 diciembre;;;;;
21;13309505 OTROS TRASLADOS ENTRE CUENTAS;;; 727.568.866,07 ; 702.568.866,07 ; 25.000.000,00 ;;;;;;;;;;;
22;13350501 PARA IMPORTACIONES                                ; 4.693.336,00 ;;;; 4.693.336,00 ;;1008;1317;Saldo de la cuenta por tercero (18);D MENOS C;(N) Saldo CXC a 31 diciembre;;;;;
23;13551501 RETENCION EN LA FUENTE                            ;;;;;;;;;;;;;;;;
24;13551502 RETENCION EN LA FUENTE   1%                       ;;;;;;;;;;;;;;;;
25;13551503 VENTAS AL 2.5%                                    ; 436.127.533,00 ;; 518.566.515,00 ; 2.316.796,00 ; 952.377.252,00 ;;1003;1302;Sumatoria de valor por tercero (10);D;(M) Valor acumulado del pago o abono sujeto a retención en la fuente;;;;;
26;13551504 RETENCION EN LA FUENTE  4  %                      ;;; 251.750,00 ; 251.750,00 ;;;;;;;;;;;;
27;13551508 RETEFUENTE 1.5% MANEJO TC                         ;;; 112.616,44 ;; 112.616,44 ;;;;;;;;;;;
28;13551701 RETEIVA AL 15%                                    ; 5.203.656,00 ;; 456.025.883,00 ; 324.393.585,00 ; 136.835.954,00 ;;1003;1309;Sumatoria de valor por tercero (11);D;(M) Valor acumulado del pago o abono sujeto a retención en la fuente;;;;;
29;13551801 RETEICA BOGOTA 4.14 x 1000                        ;;;;;;;;;;;;;;;;
30;13551804 RETEICA BOGOTA 11.04 x 1000                       ;;; 190.415.710,00 ; 104.713.874,00 ; 85.701.836,00 ;;;;;;;;;;;
31;13552005 SALDO A FAVOR IVA                                 ;;;;;;;;;;;;;;;;
32;13552010 SALDO A FAVOR RENTA                               ; 400.108.000,00 ;;;; 400.108.000,00 ;;;;;;;;;;;
33;13559801 AUTORENTA AL 0.55%; 112.847.000,00 ;; 157.224.807,34 ; 16.626.778,00 ; 253.445.029,34 ;;;;;;;;;;;
34;13659501 PRESTAMOS A EMPLEADOS                             ; 460.090,00 ;; 3.332.984,00 ; 20.868.214,00 ;; 17.075.140,00 ;1008;1317;Saldo de la cuenta por tercero (18);D MENOS C;(N) Saldo CXC a 31 diciembre;;;;;
35;13809501 DEUDORES VARIOS                                   ; 115.421.771,93 ;; 30.064.928,00 ;; 145.486.699,93 ;;1008;1317;Saldo de la cuenta por tercero (18);D MENOS C;(N) Saldo CXC a 31 diciembre;;;;;
36;13809502 CUENTAS POR COBRAR (REDRAGON); 3.057.369,05 ;;;; 3.057.369,05 ;;1008;1317;Saldo de la cuenta por tercero (18);D MENOS C;(N) Saldo CXC a 31 diciembre;;;;;
37;14300501 PRODUCTOS MANUFACTURADOS                          ;;;2390000;;2390000;;1001;5007;Sumatoria de valor por tercero (3);D;(M) Pago o abono en cuenta deducible;;;;;
38;14350101 PRODUCTOS GRAVADOS CON IVA                        ;2059272798;;33568624813;21908768824;13719128787;;1001;5007;Sumatoria de valor por tercero (3);D;(M) Pago o abono en cuenta deducible;;;;;
39;14350102 PRODUCTOS EXENTOS DE IVA                          ;503226425,6;;1774611001;521292116,5;1756545310;;1001;5007;Sumatoria de valor por tercero (3);D;(M) Pago o abono en cuenta deducible;;;;;
40;14650501 INVENTARIO EN TRANSITO                            ; 513.833.417,72 ;; 415.423.961.903,38 ; 374.848.418,17 ; 415.562.946.902,93 ;;;;;;;;;;;
41;14650502 FLETES INTERNACIONALES; 169.255,00 ;; 226.113.387,37 ;; 226.282.642,37 ;;;;;;;;;;;
42;14650503 SEGUROS INTERNACIONALES;;;;;;;;;;;;;;;;
43;14650504 GASTOS DE NACIONALIZACION;;; 460.129.866,13 ; 3.196.859,00 ; 456.933.007,13 ;;;;;;;;;;;
44;14650505 ARANCELES;;; 52.143.000,00 ;; 52.143.000,00 ;;;;;;;;;;;
45;14650506 GASTOS ADICIONALES IMPORTACION;;; 360.000,00 ;; 360.000,00 ;;;;;;;;;;;
46;15121501 EQUIPOS DE COMPUTACIÓN Y COMUNICACIÓN; 2.289.889,00 ;;;; 2.289.889,00 ;;1001;5008;Sumatoria de valor por tercero (4);D;(M) Pago o abono en cuenta deducible;;;;;
47;15201001 MAQUINARIA Y EQUIPO                               ; 101.271.183,00 ;;;; 101.271.183,00 ;;1001;5008;Sumatoria de valor por tercero (4);D;(M) Pago o abono en cuenta deducible;;;;;
48;15240501 MUEBLES Y ENSERES                                 ; 255.707.383,00 ;; 16.128.000,00 ;; 271.835.383,00 ;;1001;5008;Sumatoria de valor por tercero (4);D;(M) Pago o abono en cuenta deducible;;;;;
49;15241001 EQUIPOS DE OFICINA                                ; 8.386.309,00 ;;;; 8.386.309,00 ;;1001;5008;Sumatoria de valor por tercero (4);D;(M) Pago o abono en cuenta deducible;;;;;
50;15241002 EQUIPO DE COMPUTO                                 ; 8.355.850,00 ;;; 1.427.606,00 ; 6.928.244,00 ;;1001;5008;Sumatoria de valor por tercero (4);D;(M) Pago o abono en cuenta deducible;;;;;
51;15280501 EQUIPOS DE PROCESAMIENTO DE DATOS                 ; 4.755.401,00 ;;;; 4.755.401,00 ;;1001;5008;Sumatoria de valor por tercero (4);D;(M) Pago o abono en cuenta deducible;;;;;
52;15280502 EQUIPOS PARA EXHIBICIÓN DE PRODUCTOS; 12.176.588,00 ;;;; 12.176.588,00 ;;1001;5008;Sumatoria de valor por tercero (4);D;(M) Pago o abono en cuenta deducible;;;;;
53;15283005 SISTEMA DE SEGURIDAD                              ; 13.068.342,00 ;;;; 13.068.342,00 ;;1001;5008;Sumatoria de valor por tercero (4);D;(M) Pago o abono en cuenta deducible;;;;;
54;15921001 MAQUINARIA Y EQUIPO                               ;; 24.241.001,00 ;;;; 24.241.001,00 ;1001;5008;Sumatoria de valor por tercero (4);D;(M) Pago o abono en cuenta deducible;;;;;
55;15921501 EQUIPO DE OFICINA                                 ;; 20.511.284,00 ;;;; 20.511.284,00 ;1001;5008;Sumatoria de valor por tercero (4);D;(M) Pago o abono en cuenta deducible;;;;;
56;15922001 EQUIPO DE COMPUTACION Y COMUNICACION              ;; 12.419.828,00 ;;;; 12.419.828,00 ;1001;5008;Sumatoria de valor por tercero (4);D;(M) Pago o abono en cuenta deducible;;;;;
57;15922402 MUEBLES Y ENSERES                                 ;; 128.648.939,00 ;;;; 128.648.939,00 ;1001;5008;Sumatoria de valor por tercero (4);D;(M) Pago o abono en cuenta deducible;;;;;
58;15929503 EQUIPO DE OFICINA                                 ;; 2.178.060,00 ;;;; 2.178.060,00 ;1001;5008;Sumatoria de valor por tercero (4);D;(M) Pago o abono en cuenta deducible;;;;;
59;16984001 LICENCIA                                          ; 50.159.826,00 ;; 27.000.000,00 ; 27.000.000,00 ; 50.159.826,00 ;;;;;;;;;;;
60;21051005 ROTATIVO BANCOLOMBIA                              ;; 81.281.694,60 ; 4.583.713,12 ;;; 76.697.981,48 ;1009;2203;Saldo de la cuenta por tercero (20);C MENOS D;(N) Saldo CXP a 31 diciembre;;;;;
61;21051007 CREDITO BANCOLOMBIA (88146) 150 MIL               ;; 12.520.913,00 ; 12.520.913,00 ;;;;1009;2203;Saldo de la cuenta por tercero (20);C MENOS D;(N) Saldo CXP a 31 diciembre;;;;;
62;21051008 CREDITO BANCOLOMBIA (88649)                       ;; 29.307.627,71 ; 29.307.627,71 ;;;;1009;2203;Saldo de la cuenta por tercero (20);C MENOS D;(N) Saldo CXP a 31 diciembre;;;;;
63;21051016 CREDITO BANCO BOGOTA (6641898)                    ;; 60.621.257,00 ; 20.369.871,00 ;;; 40.251.386,00 ;1009;2203;Saldo de la cuenta por tercero (20);C MENOS D;(N) Saldo CXP a 31 diciembre;;;;;
64;21051017 CREDITO BANCOLDEX (40826);; 151.021.961,00 ; 232.064.417,92 ;; 81.042.456,92 ;;1009;2203;Saldo de la cuenta por tercero (20);C MENOS D;(N) Saldo CXP a 31 diciembre;;;;;
65;21051019 CREDITO BANCO BOGOTA (759650157);; 69.863.336,00 ; 6.623.020,00 ;;; 63.240.316,00 ;1009;2203;Saldo de la cuenta por tercero (20);C MENOS D;(N) Saldo CXP a 31 diciembre;;;;;
66;21051020 CR BANCOLOMBIA MON EXT (87772)                    ;; 172.787.354,00 ;;;; 172.787.354,00 ;1009;2203;Saldo de la cuenta por tercero (20);C MENOS D;(N) Saldo CXP a 31 diciembre;;;;;
67;21051022 CREDITO BANCO BOGOTA (3285);;; 6.912.250,00 ;; 6.912.250,00 ;;1009;2203;Saldo de la cuenta por tercero (20);C MENOS D;(N) Saldo CXP a 31 diciembre;;;;;
68;21051024 CREDITO BANCO BOGOTA (2361);; 21.835.945,00 ; 21.835.945,00 ;;;;1009;2203;Saldo de la cuenta por tercero (20);C MENOS D;(N) Saldo CXP a 31 diciembre;;;;;
69;21051025 CARTERA BANCO BOGOTA (52056);;; 12.491.742,00 ;; 12.491.742,00 ;;1009;2203;Saldo de la cuenta por tercero (20);C MENOS D;(N) Saldo CXP a 31 diciembre;;;;;
70;21051028 ORDINARIA IBR BANCOLOMBIA (92716);; 47.527.752,00 ; 11.472.222,00 ;;; 36.055.530,00 ;1009;2203;Saldo de la cuenta por tercero (20);C MENOS D;(N) Saldo CXP a 31 diciembre;;;;;
71;21051029 ORDINARIA IBR BANCOLOMBIA (93324);; 51.555.552,00 ; 12.888.888,00 ;;; 38.666.664,00 ;1009;2203;Saldo de la cuenta por tercero (20);C MENOS D;(N) Saldo CXP a 31 diciembre;;;;;
72;21051032 CREDITO BANCOLOMBIA (11930);; 5.333.338,00 ; 4.266.664,00 ;;; 1.066.674,00 ;1009;2203;Saldo de la cuenta por tercero (20);C MENOS D;(N) Saldo CXP a 31 diciembre;;;;;
73;21051033 CREDITO BANCOLOMBIA (12016);; 1.572.079,00 ; 1.143.336,00 ;;; 428.743,00 ;1009;2203;Saldo de la cuenta por tercero (20);C MENOS D;(N) Saldo CXP a 31 diciembre;;;;;
74;21051034 CREDITO BANCOLOMBIA (12206);; 1.977.161,07 ; 1.318.104,00 ;;; 659.057,07 ;1009;2203;Saldo de la cuenta por tercero (20);C MENOS D;(N) Saldo CXP a 31 diciembre;;;;;
75;21051035 CREDITO BANCOLOMBIA (13067);; 6.091.669,00 ; 2.866.664,00 ;;; 3.225.005,00 ;1009;2203;Saldo de la cuenta por tercero (20);C MENOS D;(N) Saldo CXP a 31 diciembre;;;;;
76;21051038 CREDITO BANCOLOMBIA (12747);;; 18.750.000,00 ;; 18.750.000,00 ;;1009;2203;Saldo de la cuenta por tercero (20);C MENOS D;(N) Saldo CXP a 31 diciembre;;;;;
77;21051040 CREDITO BANCOLOMBIA (14855);;; 3.914.800,00 ;; 3.914.800,00 ;;1009;2203;Saldo de la cuenta por tercero (20);C MENOS D;(N) Saldo CXP a 31 diciembre;;;;;
78;21051041 CREDITO BANCOLOMBIA (15024);;; 6.800.019,00 ;; 6.800.019,00 ;;1009;2203;Saldo de la cuenta por tercero (20);C MENOS D;(N) Saldo CXP a 31 diciembre;;;;;
79;21051042 CREDITO BANCO BOGOTA (80268);;; 83.043.984,00 ;; 83.043.984,00 ;;1009;2203;Saldo de la cuenta por tercero (20);C MENOS D;(N) Saldo CXP a 31 diciembre;;;;;
80;21051043 CREDITO BANCOLOMBIA (96301);;; 105.047.112,00 ;; 105.047.112,00 ;;1009;2203;Saldo de la cuenta por tercero (20);C MENOS D;(N) Saldo CXP a 31 diciembre;;;;;
81;21059502 FACTORING (BANCOLOMBIA);; 824.684.940,00 ;;;; 824.684.940,00 ;1009;2203;Saldo de la cuenta por tercero (20);C MENOS D;(N) Saldo CXP a 31 diciembre;;;;;
82;21950502 CREDITO FINAKTIVA (718F) INVERSION                ;; 24.194.641,76 ; 23.316.816,00 ; 2.414.579,99 ;; 3.292.405,75 ;1009;2203;Saldo de la cuenta por tercero (20);C MENOS D;(N) Saldo CXP a 31 diciembre;;;;;
83;21950507 CREDITO A2CENSO / INVERSION                       ;;;;;;;1009;2203;Saldo de la cuenta por tercero (20);C MENOS D;(N) Saldo CXP a 31 diciembre;;;;;
84;21950509 CREDITO FINAKTIVA (1003F) INVERSION               ;; 120.381.725,37 ; 47.630.964,00 ; 9.318.893,77 ;; 82.069.655,14 ;1009;2203;Saldo de la cuenta por tercero (20);C MENOS D;(N) Saldo CXP a 31 diciembre;;;;;
85;21950513 COOMEVA CR 63900                                  ;; 8.548.429,00 ;;;; 8.548.429,00 ;1009;2203;Saldo de la cuenta por tercero (20);C MENOS D;(N) Saldo CXP a 31 diciembre;;;;;
86;21950517 CREDITO FINAKTIVA (1907F) INVERSION;; 408.577.291,96 ; 101.012.375,00 ; 52.479.174,31 ;; 360.044.091,27 ;1009;2203;Saldo de la cuenta por tercero (20);C MENOS D;(N) Saldo CXP a 31 diciembre;;;;;
87;21950519 FINKARGO COLOMBIA S.A.S;; 512.767.127,00 ;; 216.774.657,55 ;; 729.541.784,55 ;1009;2203;Saldo de la cuenta por tercero (20);C MENOS D;(N) Saldo CXP a 31 diciembre;;;;;
88;21950520 CREDITO REDEM TECH-KAPITAL;;; 30.499.904,00 ;; 30.499.904,00 ;;1009;2203;Saldo de la cuenta por tercero (20);C MENOS D;(N) Saldo CXP a 31 diciembre;;;;;
89;21950521 CREDITO IRIS (345521);;; 41.666.667,00 ;; 41.666.667,00 ;;1009;2203;Saldo de la cuenta por tercero (20);C MENOS D;(N) Saldo CXP a 31 diciembre;;;;;
90;21959501 OBLIGACION TARJETAS DE CREDITO                    ;;;;;;;1009;2203;Saldo de la cuenta por tercero (20);C MENOS D;(N) Saldo CXP a 31 diciembre;;;;;
91;21959502 TCREDITO BANCOLOMBIA 2750 (JCO)                   ;; 8.995.827,66 ;;;; 8.995.827,66 ;1009;2203;Saldo de la cuenta por tercero (20);C MENOS D;(N) Saldo CXP a 31 diciembre;;;;;
92;21959503 TCREDITO BANCOLOMBIA 3866 (FM)                    ;; 35.264.972,18 ; 31.220.989,84 ; 3.911.417,00 ;; 7.955.399,34 ;1009;2203;Saldo de la cuenta por tercero (20);C MENOS D;(N) Saldo CXP a 31 diciembre;;;;;
93;21959506 TC CLARA COORPORATIVA                             ;;; 5.248.985,92 ; 5.248.985,92 ;;;1009;2203;Saldo de la cuenta por tercero (20);C MENOS D;(N) Saldo CXP a 31 diciembre;;;;;
94;22050501 PROVEEDORES NACIONALES                            ;; 186.257.340,00 ; 4.369.834.782,14 ; 421.324.047.712,35 ;; 417.140.470.270,21 ;1009;2201;Saldo de la cuenta por tercero (19);C MENOS D;(N) Saldo CXP a 31 diciembre;;;;;
95;22100501 PROVEEDORES DEL EXTERIOR                          ;; 1.275.543.230,20 ; 1.583.782.675,30 ; 7.378.532.845,24 ;; 7.070.293.400,14 ;1009;2201;Saldo de la cuenta por tercero (19);C MENOS D;(N) Saldo CXP a 31 diciembre;;;;;
96;23350501 GASTOS FINANCIEROS POR PAGAR                      ;; 50.519.635,50 ; 824.551.284,81 ; 905.192.537,73 ;; 131.160.888,42 ;1009;2206;Saldo de la cuenta por tercero (21);C MENOS D;(N) Saldo CXP a 31 diciembre;;;;;
97;23351001 GASTOS LEGALES POR PAGAR                          ;; 678.514,00 ; 4.718.357,25 ; 4.039.843,25 ;;;1009;2206;Saldo de la cuenta por tercero (21);C MENOS D;(N) Saldo CXP a 31 diciembre;;;;;
98;23352001 COMISIONES POR PAGAR                              ;; 15.508.203,56 ; 48.187.559,15 ; 85.219.266,53 ;; 52.539.910,94 ;1009;2206;Saldo de la cuenta por tercero (21);C MENOS D;(N) Saldo CXP a 31 diciembre;;;;;
99;23352501 HONORARIOS                                        ;; 4.380.600,00 ; 16.644.339,40 ; 17.173.580,60 ;; 4.909.841,20 ;1009;2206;Saldo de la cuenta por tercero (21);C MENOS D;(N) Saldo CXP a 31 diciembre;;;;;
100;23354001 ARRENDAMIENTOS POR PAGAR                          ;;; 111.672.118,82 ; 112.525.414,56 ;; 853.295,74 ;1009;2206;Saldo de la cuenta por tercero (21);C MENOS D;(N) Saldo CXP a 31 diciembre;;;;;
101;23354501 TRANSPORTES FLETES Y ACARREOS POR PAGAR           ;; 113.535,00 ; 41.597.512,00 ; 61.656.569,20 ;; 20.172.592,20 ;1009;2206;Saldo de la cuenta por tercero (21);C MENOS D;(N) Saldo CXP a 31 diciembre;;;;;
102;23355001 SERVICIOS PUBLICOS POR PAGAR                      ;; 2.535.021,00 ; 24.659.281,77 ; 24.673.095,93 ;; 2.548.835,16 ;1009;2206;Saldo de la cuenta por tercero (21);C MENOS D;(N) Saldo CXP a 31 diciembre;;;;;
103;23355501 SEGUROS POR PAGAR                                 ;;; 270.180,46 ; 1.157.920,46 ;; 887.740,00 ;1009;2206;Saldo de la cuenta por tercero (21);C MENOS D;(N) Saldo CXP a 31 diciembre;;;;;
104;23357001 SERVICIOS ADUANEROS POR PAGAR                     ;; 169.670.854,00 ; 620.534.879,80 ; 709.019.267,70 ;; 258.155.241,90 ;1009;2206;Saldo de la cuenta por tercero (21);C MENOS D;(N) Saldo CXP a 31 diciembre;;;;;
105;23359501 OTROS SERVICIOS                                   ;; 419.074.900,81 ; 7.336.383.207,98 ; 7.378.232.716,00 ;; 460.924.408,83 ;1009;2206;Saldo de la cuenta por tercero (21);C MENOS D;(N) Saldo CXP a 31 diciembre;;;;;
106;23359502 CUENTA POR PAGAR (INVERSION)                      ;;; 48.897.833,00 ; 115.163.952,00 ;; 66.266.119,00 ;1009;2206;Saldo de la cuenta por tercero (21);C MENOS D;(N) Saldo CXP a 31 diciembre;;;;;
107;23359503 CAJAS MENORES POR PAGAR                           ;;; 310.300.057,00 ; 3.181.197,86 ; 307.118.859,14 ;;1009;2206;Saldo de la cuenta por tercero (21);C MENOS D;(N) Saldo CXP a 31 diciembre;;;;;
108;23650501 RENTAS DE TRABAJO                                 ;;; 4.128.000,00 ; 4.737.000,00 ;; 609.000,00 ;2276;;Sumatoria de valor por empleado (21);C;(AJ) Retenciones en la fuente por pagos de rentas de trabajo;;;;;
109;23651501 HONORARIOS PJ 11%                                 ;;; 1.961.758,37 ; 1.961.758,37 ;;;;;;;;;;;;
110;23651515 Retencion en la fuente por servicios de licencias software 3.5%;;; 2.079.000,00 ; 1.134.000,00 ; 945.000,00 ;;;;;;;;;;;
111;23652001 COMISIONES PJ 11%                                 ;;; 345.949,08 ; 402.638,37 ;; 56.689,29 ;;;;;;;;;;
112;23652501 TRANSPORTES FLETES Y ACARREOS 1%                  ;;; 492.242,00 ; 627.642,00 ;; 135.400,00 ;;;;;;;;;;
113;23652502 SERVICIOS GENERALES P J 4%                        ;;; 19.845.997,10 ; 21.292.175,39 ;; 1.446.178,29 ;;;;;;;;;;
114;23652503 SERVICIOS GENERALES P N 6%                        ;;; 227.101,00 ; 227.101,00 ;;;;;;;;;;;;
115;23652504 SERVICIOS TEMPORALES 1%                           ;;; 20.120,09 ; 20.120,09 ;;;;;;;;;;;;
116;23652535 Retencion en la fuente por servicio de vigilancia y aseo (sobre AIU) 2%;;; 13.548,00 ; 15.144,00 ;; 1.596,00 ;;;;;;;;;;
117;23653001 ARRENDAMIENTOS  PJ 3.5%                           ;;; 4.831.761,13 ; 5.549.798,42 ;; 718.037,29 ;;;;;;;;;;
118;23653501 RENDIMIENTOS FINANCIEROS 7%                       ;;; 12.053.591,52 ; 17.296.519,84 ;; 5.242.928,32 ;;;;;;;;;;
119;23654001 COMPRAS AL 2.5%                                   ;;; 82.247.061,76 ; 88.513.741,55 ;; 6.266.679,79 ;;;;;;;;;;
120;23654002 COMPRAS AL 3.5%                                   ;;; 484.026,00 ; 484.026,00 ;;;;;;;;;;;;
121;23657501 AUTORETENCION CREE (0.55);;; 142.301.087,34 ; 157.224.807,34 ;; 14.923.720,00 ;;;;;;;;;;
122;23659001 RETENCIÓN EN LA FUENTE POR PAGAR                  ;; 49.158.000,00 ; 176.419.000,00 ; 252.230.000,00 ;; 124.969.000,00 ;;;;;;;;;;
123;23670101 IMPUESTO A LAS VENTAS RETENIDO                    ;;; 11.965.302,44 ; 12.278.802,44 ;; 313.500,00 ;;;;;;;;;;
124;236805 Impuesto de Industria y Comercio Retenido;;;;;;;;;;;;;;;;
125;23680501 RETEICA BOGOTA 4.14 x 1000                        ;;; 160.977,00 ; 259.840,40 ;; 98.863,40 ;;;;;;;;;;
126;23680502 RETEICA BOGOTA - 6.90 x 1000                      ;;; 717.395,86 ; 920.266,08 ;; 202.870,22 ;;;;;;;;;;
127;23680503 RETEICA BOGOTA - 9.66 x 1000                      ;;; 3.674.540,30 ; 5.426.069,25 ;; 1.751.528,95 ;;;;;;;;;;
128;23680504 RETEICA BOGOTA - 11.04 x 1000                     ;;; 19.471.851,08 ; 35.127.586,75 ;; 15.655.735,67 ;;;;;;;;;;
129;23680505 RETEICA BOGOTA - 13.80 x 1000                     ;;; 8.246,88 ; 10.449,36 ;; 2.202,48 ;;;;;;;;;;
130;23680507 RETEICA BOGOTA - 7.66 x 1000                      ;;; 118.213,00 ; 142.113,00 ;; 23.900,00 ;;;;;;;;;;
131;23680509 RETEICA BOGOTA - 8.66 x 1000                      ;;; 370.943,49 ; 370.943,49 ;;;;;;;;;;;;
132;23680510 RETEICA BOGOTA - 14.00 X 1000;;; 412.379,70 ; 599.982,15 ;; 187.602,45 ;;;;;;;;;;
133;23689001 RETENCION DE ICA POR PAGAR                        ;; 5.574.000,00 ; 8.222.000,00 ; 20.054.192,70 ;; 17.406.192,70 ;;;;;;;;;;
134;23700501 SANITAS E.P.S.                                    ;; 2.154.600,00 ; 7.120.386,00 ; 8.959.017,00 ;; 3.993.231,00 ;2276;;Sumatoria de valor por empleado (21);C;(AD) Aportes obligatorios por salud a cargo del trab;1009;2214;Saldo de la cuenta (23);D y C;(N) Saldo CXP a 31 diciembre
135;23700502 COMPENSAR E.P.S.                                  ;; 1.149.700,00 ; 8.132.058,00 ; 10.670.642,00 ;; 3.688.284,00 ;2276;;Sumatoria de valor por empleado (21);C;(AD) Aportes obligatorios por salud a cargo del trab;1009;2214;Saldo de la cuenta (23);D y C;(N) Saldo CXP a 31 diciembre
136;23700504 E.P.S. SURA                                       ;; 2.003.500,00 ; 7.718.623,00 ; 9.571.958,00 ;; 3.856.835,00 ;2276;;Sumatoria de valor por empleado (21);C;(AD) Aportes obligatorios por salud a cargo del trab;1009;2214;Saldo de la cuenta (23);D y C;(N) Saldo CXP a 31 diciembre
137;23700505 FAMISANAR E.P.S.                                  ;; 412.400,00 ; 3.596.577,00 ; 5.620.047,00 ;; 2.435.870,00 ;2276;;Sumatoria de valor por empleado (21);C;(AD) Aportes obligatorios por salud a cargo del trab;1009;2214;Saldo de la cuenta (23);D y C;(N) Saldo CXP a 31 diciembre
138;23700506 NUEVA E.P.S.                                      ;; 349.400,00 ; 3.327.304,00 ; 4.639.962,00 ;; 1.662.058,00 ;2276;;Sumatoria de valor por empleado (21);C;(AD) Aportes obligatorios por salud a cargo del trab;1009;2214;Saldo de la cuenta (23);D y C;(N) Saldo CXP a 31 diciembre
139;23700507 SALUD TOTAL                                       ;; 246.200,00 ; 1.956.570,00 ; 2.762.404,00 ;; 1.052.034,00 ;2276;;Sumatoria de valor por empleado (21);C;(AD) Aportes obligatorios por salud a cargo del trab;1009;2214;Saldo de la cuenta (23);D y C;(N) Saldo CXP a 31 diciembre
140;23700510 CONFENALCO VALLE;; 215.400,00 ; 689.400,00 ; 474.000,00 ;;;2276;;Sumatoria de valor por empleado (21);C;(AD) Aportes obligatorios por salud a cargo del trab;1009;2214;Saldo de la cuenta (23);D y C;(N) Saldo CXP a 31 diciembre
141;23700602 ARL SURA;; 565.000,00 ; 3.208.900,00 ; 2.653.400,00 ;; 9.500,00 ;1009;2214;Saldo de la cuenta por tercero (21);C MENOS D;(N) Saldo CXP a 31 diciembre;;;;;
142;23701001 APORTES AL ICBF                                   ;; 726.600,00 ; 726.600,00 ;;;;1009;2214;Saldo de la cuenta por tercero (21);C MENOS D;(N) Saldo CXP a 31 diciembre;;;;;
143;23701002 APORTES AL SENA                                   ;; 484.400,00 ; 484.400,00 ;;;;1009;2214;Saldo de la cuenta por tercero (21);C MENOS D;(N) Saldo CXP a 31 diciembre;;;;;
144;23701003 APORTES A COMPENSAR                               ;; 3.948.600,00 ; 23.385.300,00 ; 19.535.800,00 ;; 99.100,00 ;1009;2214;Saldo de la cuenta por tercero (21);C MENOS D;(N) Saldo CXP a 31 diciembre;;;;;
145;23701005 APORTES COMFAMILIAR ATLANTICO;; 92.900,00 ; 563.600,00 ; 525.100,00 ;; 54.400,00 ;1009;2214;Saldo de la cuenta por tercero (21);C MENOS D;(N) Saldo CXP a 31 diciembre;;;;;
146;23701006 APORTES COMFANDI;; 215.400,00 ; 689.400,00 ; 474.000,00 ;;;1009;2214;Saldo de la cuenta por tercero (21);C MENOS D;(N) Saldo CXP a 31 diciembre;;;;;
147;23701008 APORTES COMFACOR;; 60.400,00 ; 481.900,00 ; 383.700,00 ; 37.800,00 ;;1009;2214;Saldo de la cuenta por tercero (21);C MENOS D;(N) Saldo CXP a 31 diciembre;;;;;
148;23803001 PORVENIR                                          ;; 3.823.700,00 ; 28.740.319,00 ; 31.696.670,00 ;; 6.780.051,00 ;2276;;Sumatoria de valor por empleado (21);C;(AE) Aportes obligatorios pension, FSP;1009;2214;Saldo de la cuenta (23);D y C;(N) Saldo CXP a 31 diciembre
149;23803002 COLFONDOS                                         ;; 593.300,00 ; 4.205.804,00 ; 4.221.155,00 ;; 608.651,00 ;2276;;Sumatoria de valor por empleado (21);C;(AE) Aportes obligatorios pension, FSP;1009;2214;Saldo de la cuenta (23);D y C;(N) Saldo CXP a 31 diciembre
150;23803003 OLD MUTUAL                                        ;; 4.207.000,00 ; 19.888.954,00 ; 18.724.461,00 ;; 3.042.507,00 ;2276;;Sumatoria de valor por empleado (21);C;(AE) Aportes obligatorios pension, FSP;1009;2214;Saldo de la cuenta (23);D y C;(N) Saldo CXP a 31 diciembre
151;23803004 PROTECCION                                        ;; 8.041.500,00 ; 44.836.635,00 ; 42.376.296,00 ;; 5.581.161,00 ;2276;;Sumatoria de valor por empleado (21);C;(AE) Aportes obligatorios pension, FSP;1009;2214;Saldo de la cuenta (23);D y C;(N) Saldo CXP a 31 diciembre
152;23803005 COLPENSIONES                                      ;; 1.130.200,00 ; 9.263.244,00 ; 9.908.497,00 ;; 1.775.453,00 ;2276;;Sumatoria de valor por empleado (21);C;(AE) Aportes obligatorios pension, FSP;1009;2214;Saldo de la cuenta (23);D y C;(N) Saldo CXP a 31 diciembre
153;24040501 IMPUESTO DE RENTA Y COMPLEMENTARIOS POR PAGAR     ;; 299.515.000,00 ;;;; 299.515.000,00 ;;;;;;;;;;
154;24080501 IVA GENERADO EN VENTAS DEL 19%                    ;;; 4.309.700.745,54 ; 6.052.927.860,29 ;; 1.743.227.114,75 ;1006;;Sumatoria de valor por tercero (13);C;(I) Impuesto Generado;;;;;
155;24080503 DEVOLUCIONES EN COMPRAS 19%                       ;;; 489.596.936,35 ; 499.741.369,37 ;; 10.144.433,02 ;1006;;Sumatoria de valor por tercero (13);D;(J) IVA recuperado en devoluciones;;;;;
156;24081001 COMPRAS AL 19%                                    ;;; 932.633.714,00 ; 577.220.235,62 ; 355.413.478,38 ;;1005;;Sumatoria de valor por tercero (12);D;(I) Impuesto descontable;;;;;
157;24081002 SERVICIOS AL 19%                                  ;;; 214.814.232,24 ; 157.221.598,95 ; 57.592.633,29 ;;1005;;Sumatoria de valor por tercero (12);D;(I) Impuesto descontable;;;;;
158;24081005 IMPORTACIONES AL 19%                              ;;; 2.170.832.000,00 ; 1.714.244.000,00 ; 456.588.000,00 ;;1005;;Sumatoria de valor por tercero (12);D;(I) Impuesto descontable;;;;;
159;24082001 IVA EN DEVOLUCIÓN DE VENTA 19%;;; 1.574.841.892,65 ; 1.004.501.926,39 ; 570.339.966,26 ;;1005;;Sumatoria de valor por tercero (12);C;(J) IVA resultante devoluciones VENTAS;;;;;
160;24089901 IVA POR PAGAR                                     ;; 369.871.000,00 ; 18.805.000,00 ; 428.308.000,00 ;; 779.374.000,00 ;;;;;;;;;;
161;24120501 INDUSTRIA Y COMERCIO POR PAGAR                    ;; 61.242.000,00 ; 8.109.000,00 ; 46.938.000,00 ;; 100.071.000,00 ;;;;;;;;;;
162;25050501 SALARIOS POR PAGAR                                ;; 100.129.110,00 ; 734.289.228,00 ; 989.597.269,00 ;; 355.437.151,00 ;1009;2215;Saldo de la cuenta por tercero (22);C MENOS D;(N) Saldo CXP a 31 diciembre;;;;;
163;25101001 CESANTIAS CONSOLIDADAS                            ;; 77.228.195,00 ; 4.712.952,00 ; 42.020.280,66 ;; 114.535.523,66 ;2276;;Sumatoria de valor por empleado (21);D;(Y) Cesantias e ints, efectivamente pagadas CTA 26;;;;;
164;25150501 INTERESES SOBRE CESANTIAS                         ;; 8.620.273,00 ; 152.661,00 ; 5.041.695,04 ;; 13.509.307,04 ;2276;;Sumatoria de valor por empleado (21);D;(Y) Cesantias e ints, efectivamente pagadas CTA 26;1009;2215;Saldo de la cuenta (24);D y C;(N) Saldo CXP a 31 diciembre
165;25250501 VACACIONES CONSOLIDADES                           ;; 100.985.058,37 ; 26.401.013,00 ; 20.711.346,96 ;; 95.295.392,33 ;2276;;Sumatoria de valor por empleado (21);D;(S) Pagos por prestaciones sociales;1009;2215;Saldo de la cuenta (24);D y C;(N) Saldo CXP a 31 diciembre
166;25300501 PRIMA DE SERVICIOS                                ;;; 4.712.952,00 ; 42.020.730,48 ;; 37.307.778,48 ;2276;;Sumatoria de valor por empleado (21);D;(S) Pagos por prestaciones sociales;;;;;
167;28050501 ANTICIPO DE CLIENTES                              ;; 68.974.799,92 ; 11.614.221,00 ; 11.127.520,94 ;; 68.488.099,86 ;1009;2206;Saldo de la cuenta por tercero (21);C MENOS D;(N) Saldo CXP a 31 diciembre;;;;;
168;28059501 ANTICIPO IMPUESTOS (LEGALIZACIONES)               ;;; 66.565.631,00 ; 44.226.408,00 ; 22.339.223,00 ;;1009;2206;Saldo de la cuenta por tercero (21);C MENOS D;(N) Saldo CXP a 31 diciembre;;;;;
169;28059901 ANTICIPOS;;; 217.800,00 ;; 217.800,00 ;;1009;2206;Saldo de la cuenta por tercero (21);C MENOS D;(N) Saldo CXP a 31 diciembre;;;;;
170;28950505 PARTIDAS CONCILIATORIAS                           ;;;;;;;1009;2206;Saldo de la cuenta por tercero (21);C MENOS D;(N) Saldo CXP a 31 diciembre;;;;;
171;28950506 CUENTAS POR PAGAR CLIENTES (REDRAGON);; 3.057.369,05 ;;;; 3.057.369,05 ;1009;2206;Saldo de la cuenta por tercero (21);C MENOS D;(N) Saldo CXP a 31 diciembre;;;;;
172;31050501 CAPITAL AUTORIZADO                                ;; 300.000.000,00 ;;;; 300.000.000,00 ;;;;;;;;;;
173;33050501 RESERVA LEGAL 2020                                ;; 36.610.305,00 ;;;; 36.610.305,00 ;;;;;;;;;;
174;33050502 RESERVA LEGAL 2021                                ;; 16.668.969,00 ;;;; 16.668.969,00 ;;;;;;;;;;
175;33050503 RESERVA LEGAL 2022;; 29.835.740,00 ;;;; 29.835.740,00 ;;;;;;;;;;
176;36050501 GANANCIA DEL EJERCICIO                            ;; 294.325.615,13 ;;;; 294.325.615,13 ;;;;;;;;;;
177;37050101 UTILIDADES O EXCEDENTES ACUMULADAS                ;; 1.089.460.272,00 ;;;; 1.089.460.272,00 ;;;;;;;;;;
178;413595 Venta de Otros Productos;;; 2.978.395,00 ; 3.817.802,00 ;; 839.407,00 ;1007;4001;Sumatoria de valor por tercero (14);C;(J) Ingresos brutos recibidos;;;;;
179;41359501 PRODUCTOS GRAVADOS 19%                            ;;; 2.379.460.498,19 ; 35.008.678.046,50 ;; 32.629.217.548,31 ;1007;4001;Sumatoria de valor por tercero (14);C;(J) Ingresos brutos recibidos;;;;;
180;41359502 PRODUCTOS EXENTOS DE IVA                          ;;; 41.624.927,70 ; 1.039.074.274,67 ;; 997.449.346,97 ;1007;4001;Sumatoria de valor por tercero (14);C;(J) Ingresos brutos recibidos;;;;;
181;41359503 OTROS PRODUCTOS                                   ;;; 21.124.161,00 ; 197.684,00 ; 20.926.477,00 ;;1007;4001;Sumatoria de valor por tercero (14);C;(J) Ingresos brutos recibidos;;;;;
182;41750501 PRODUCTOS GRAVADOS AL 19%                        ;;; 8.368.650.125,02 ; 7.320.641,00 ; 8.361.329.484,02 ;;1007;4001;Sumatoria de valor por tercero (14);D;(K) Ingresos brutos recibidos;;;;;
183;41750502 PRODUCTOS EXENTOS DE IVA                          ;;; 47.376.327,70 ;; 47.376.327,70 ;;1007;4001;Sumatoria de valor por tercero (14);D;(K) Ingresos brutos recibidos;;;;;
184;41750503 DEVOLUCIONES GENERALES                            ;;; 20.485.157,62 ;; 20.485.157,62 ;;1007;4001;Sumatoria de valor por tercero (14);D;(K) Ingresos brutos recibidos;;;;;
185;421020 Diferencia en Cambio;;; 614.581.376,38 ; 614.581.376,38 ;;;1007;4002;Sumatoria de valor por tercero (15);NO;(J) Ingresos brutos recibidos;;;;;
186;42102001 DIFERENCIA EN CAMBIO;;;; 196.870.410,09 ;; 196.870.410,09 ;1007;4002;Sumatoria de valor por tercero (15);C;(J) Ingresos brutos recibidos;;;;;
187;42104001 DESCUENTOS COMERCIALES                            ;;; 86.833.728,41 ; 351.334.774,32 ;; 264.501.045,91 ;1007;4002;Sumatoria de valor por tercero (15);C;(J) Ingresos brutos recibidos;;;;;
188;42104501 DESCUENTOS BANCARIOS                              ;;;; 6.920,00 ;; 6.920,00 ;1007;4002;Sumatoria de valor por tercero (15);C;(J) Ingresos brutos recibidos;;;;;
189;42109501 INTERESES (INGRESO)                               ;;;; 680.693,85 ;; 680.693,85 ;1007;4003;Sumatoria de valor por tercero (15);C;(J) Ingresos brutos recibidos;;;;;
190;42351001 SERVICIO FLETES Y TRANSPORTE;;; 282.500,00 ; 12.845.800,00 ;; 12.563.300,00 ;1007;4002;Sumatoria de valor por tercero (15);C;(J) Ingresos brutos recibidos;;;;;
191;42503001 DESCUENTOS COMERCIALES CONCEDIDOS                 ;;;; 46.345.458,00 ;; 46.345.458,00 ;1007;4002;Sumatoria de valor por tercero (15);C;(J) Ingresos brutos recibidos;;;;;
192;42958101 AJUSTE AL PESO                                    ;;; 2,58 ; 9.172,46 ;; 9.169,88 ;1007;4002;Sumatoria de valor por tercero (15);C;(J) Ingresos brutos recibidos;;;;;
193;51050601 SUELDOS                                           ;;; 596.447.711,00 ; 44.911.266,00 ; 551.536.445,00 ;;2276;;Sumatoria de valor por empleado (21);D;(L) Pagos por salarios;;;;;
194;51052401 INCAPACIDADES                                     ;;; 5.208.020,00 ; 2.020.135,00 ; 3.187.885,00 ;;2276;;Sumatoria de valor por empleado (21);D;(L) Pagos por salarios;;;;;
195;51052701 AUXILIO DE TRANSPORTE                             ;;; 1.911.600,00 ;; 1.911.600,00 ;;2276;;Sumatoria de valor por empleado (21);D;(L) Pagos por salarios;;;;;
196;51053001 CESANTIAS                                         ;;; 25.556.985,34 ;; 25.556.985,34 ;;;;;;;;;;;
197;51053301 INTERESES SOBRE CESANTIAS                         ;;; 3.023.674,45 ;; 3.023.674,45 ;;;;;;;;;;;
198;51053601 PRIMA DE SERVICIOS                                ;;; 25.550.277,16 ;; 25.550.277,16 ;;;;;;;;;;;
199;51053901 VACACIONES                                        ;;; 22.397.674,27 ; 3.633.127,00 ; 18.764.547,27 ;;;;;;;;;;;
200;51054801 BONIFICACIONES                                    ;;; 8.098.552,00 ;; 8.098.552,00 ;;2276;;Sumatoria de valor por empleado (21);D;(L) Pagos por salarios;;;;;
201;51055101 DOTACION Y SUMINISTRO A TRABAJADORES              ;;; 37.346.932,05 ; 41.789,00 ; 37.305.143,05 ;;;;;;;;;;;
202;51056802 ARL SURA                                          ;;; 1.470.500,00 ;; 1.470.500,00 ;;1001;5011;Sumatoria de valor por tercero (6);D;(M) Pago o abono en cuenta deducible;;;;;
203;51056906 NUEVA E.P.S.                                      ;;; 981.031,00 ;; 981.031,00 ;;;;;;;;;;;
204;51057001 PROTECCION                                        ;;; 16.018.714,00 ;; 16.018.714,00 ;;1001;5012;Sumatoria de valor por tercero (7);D;(M) Pago o abono en cuenta deducible;;;;;
205;51057002 COLFONDOS                                         ;;; 405.584,00 ;; 405.584,00 ;;1001;5012;Sumatoria de valor por tercero (7);D;(M) Pago o abono en cuenta deducible;;;;;
206;51057004 PORVENIR                                          ;;; 16.260.270,00 ;; 16.260.270,00 ;;1001;5012;Sumatoria de valor por tercero (7);D;(M) Pago o abono en cuenta deducible;;;;;
207;51057005 COLPENSIONES                                      ;;; 3.072.100,00 ;; 3.072.100,00 ;;1001;5012;Sumatoria de valor por tercero (7);D;(M) Pago o abono en cuenta deducible;;;;;
208;51057201 COMPENSAR C.C.F.                                  ;;; 11.503.800,00 ;; 11.503.800,00 ;;1001;5010;Sumatoria de valor por tercero (5);D;(M) Pago o abono en cuenta deducible;;;;;
209;51059501 OTROS GASTOS DE PERSONAL                          ;;; 24.451.200,00 ; 2.068.200,00 ; 22.383.000,00 ;;2276;;Sumatoria de valor por empleado (21);D;(L) Pagos por salarios;;;;;
210;51101001 REVISORIA FISCAL                                  ;;; 16.030.000,00 ;; 16.030.000,00 ;;1001;5002;Sumatoria de valor por tercero (0);D;(M) Pago o abono en cuenta deducible;;;;;
211;51101501 AUDITORIA EXTERNA;;; 1.250.000,00 ;; 1.250.000,00 ;;1001;5002;Sumatoria de valor por tercero (0);D;(M) Pago o abono en cuenta deducible;;;;;
212;51102501 ASESORIA JURIDICA                                 ;;; 2.470.834,00 ;; 2.470.834,00 ;;1001;5002;Sumatoria de valor por tercero (0);D;(M) Pago o abono en cuenta deducible;;;;;
213;51150501 INDUSTRIA Y COMERCIO                              ;;; 150.628.548,00 ;; 150.628.548,00 ;;1001;5015;Sumatoria de valor por tercero (8);D;(M) Pago o abono en cuenta deducible;;;;;
214;51201001 CONSTRUCCIONES Y EDIFICACIONES                    ;;; 158.565.668,00 ; 8.725.351,00 ; 149.840.317,00 ;;1001;5005;Sumatoria de valor por tercero (2);D;(M) Pago o abono en cuenta deducible;;;;;
215;51209502 ALQUILER ESPACIO WEWORD;;; 11.000.000,00 ;; 11.000.000,00 ;;1001;5005;Sumatoria de valor por tercero (2);D;(M) Pago o abono en cuenta deducible;;;;;
216;51301001 CUMPLIMIENTO                                      ;;; 323.042,40 ;; 323.042,40 ;;1001;5016;Sumatoria de valor por tercero (9);D;(M) Pago o abono en cuenta deducible;;;;;
217;51350501 SERV ASEO Y VIGILANCIA                            ;;; 7.614.770,00 ;; 7.614.770,00 ;;1001;5004;Sumatoria de valor por tercero (1);D;(M) Pago o abono en cuenta deducible;;;;;
218;51352001 PROCESAMIENTO ELECTRONICO DE DATOS                ;;; 120.165.667,60 ; 10.685.201,73 ; 109.480.465,87 ;;1001;5004;Sumatoria de valor por tercero (1);D;(M) Pago o abono en cuenta deducible;;;;;
219;51352002 OPERACION DIGITAL                                 ;;; 139.900,00 ;; 139.900,00 ;;1001;5004;Sumatoria de valor por tercero (1);D;(M) Pago o abono en cuenta deducible;;;;;
220;51352501 ACUEDUCTO Y ALCANTARILLADO                        ;;; 1.622.490,00 ;; 1.622.490,00 ;;1001;5004;Sumatoria de valor por tercero (1);D;(M) Pago o abono en cuenta deducible;;;;;
221;51353001 ENERGIA ELECTRICA                                 ;;; 4.459.200,00 ;; 4.459.200,00 ;;1001;5004;Sumatoria de valor por tercero (1);D;(M) Pago o abono en cuenta deducible;;;;;
222;51353501 SERVICIO TELEFONICO                               ;;; 16.656.877,01 ;; 16.656.877,01 ;;1001;5004;Sumatoria de valor por tercero (1);D;(M) Pago o abono en cuenta deducible;;;;;
223;51354001 CORREO PORTES Y TELEGRAMAS                        ;;; 6.412.579,32 ; 47.775,63 ; 6.364.803,69 ;;1001;5004;Sumatoria de valor por tercero (1);D;(M) Pago o abono en cuenta deducible;;;;;
224;51355001 TRANSPORTE FLETES Y ACARREOS                      ;;; 62.995.709,84 ; 3.394.677,15 ; 59.601.032,69 ;;1001;5004;Sumatoria de valor por tercero (1);D;(M) Pago o abono en cuenta deducible;;;;;
225;51359501 OTROS SERVICIOS                                   ;;; 4.990.000,00 ;; 4.990.000,00 ;;1001;5004;Sumatoria de valor por tercero (1);D;(M) Pago o abono en cuenta deducible;;;;;
226;51400501 NOTARIALES                                        ;;; 88.800,00 ;; 88.800,00 ;;1001;5016;Sumatoria de valor por tercero (9);D;(M) Pago o abono en cuenta deducible;;;;;
227;51401001 REGISTRO MERCANTIL                                ;;; 9.613.500,00 ;; 9.613.500,00 ;;1001;5016;Sumatoria de valor por tercero (9);D;(M) Pago o abono en cuenta deducible;;;;;
228;51451001 CONSTRUCCIONES Y EDIFICACIONES                    ;;; 30.250,00 ;; 30.250,00 ;;1001;5004;Sumatoria de valor por tercero (1);D;(M) Pago o abono en cuenta deducible;;;;;
229;51452001 MTO. EQUIPO DE OFICINA                            ;;; 1.856.369,37 ; 289.914,31 ; 1.566.455,06 ;;1001;5004;Sumatoria de valor por tercero (1);D;(M) Pago o abono en cuenta deducible;;;;;
230;51550501 ALOJAMIENTO Y MANUTENCION                         ;;; 2.238.699,00 ;; 2.238.699,00 ;;1001;5016;Sumatoria de valor por tercero (9);D;(M) Pago o abono en cuenta deducible;;;;;
231;51551501 PASAJES AEREOS                                    ;;; 2.467.174,00 ;; 2.467.174,00 ;;1001;5016;Sumatoria de valor por tercero (9);D;(M) Pago o abono en cuenta deducible;;;;;
232;51552001 PASAJES TERRESTRES                                ;;; 267.300,00 ;; 267.300,00 ;;1001;5016;Sumatoria de valor por tercero (9);D;(M) Pago o abono en cuenta deducible;;;;;
233;51609501 CONSTRUCCIONES Y EDIFICACIONES                    ;;; 485.206,00 ;; 485.206,00 ;;;;;;;;;;;
234;51609503 EQUIPO DE OFICINA                                 ;;; 153.600,00 ;; 153.600,00 ;;;;;;;;;;;
235;51950501 COMISIONES                                        ;;; 9.337.068,00 ;; 9.337.068,00 ;;1001;5016;Sumatoria de valor por tercero (9);D;(M) Pago o abono en cuenta deducible;;;;;
236;51952001 GASTOS DE REPRESENTACION Y RELACIONES PU          ;;; 1.065.163,00 ;; 1.065.163,00 ;;1001;5016;Sumatoria de valor por tercero (9);D;(M) Pago o abono en cuenta deducible;;;;;
237;51952501 ELEMENTOS DE ASEO Y CAFETERIA                     ;;; 7.051.580,33 ; 1.778.400,00 ; 5.273.180,33 ;;1001;5016;Sumatoria de valor por tercero (9);D;(M) Pago o abono en cuenta deducible;;;;;
238;51953001 UTILES PAPELERIA Y FOTOCOPIAS                     ;;; 3.034.528,10 ; 80.000,00 ; 2.954.528,10 ;;1001;5016;Sumatoria de valor por tercero (9);D;(M) Pago o abono en cuenta deducible;;;;;
239;51954001 CINTAS PARA EMPAQUE                               ;;; 2.960.583,00 ; 15.900,00 ; 2.944.683,00 ;;1001;5016;Sumatoria de valor por tercero (9);D;(M) Pago o abono en cuenta deducible;;;;;
240;51954002 ETIQUETAS PARA EMPAQUE                            ;;; 16.354.922,25 ; 63.025,20 ; 16.291.897,05 ;;1001;5016;Sumatoria de valor por tercero (9);D;(M) Pago o abono en cuenta deducible;;;;;
241;51954003 CAJAS PARA EMPAQUE                                ;;; 10.601.000,00 ; 1.500.000,00 ; 9.101.000,00 ;;1001;5016;Sumatoria de valor por tercero (9);D;(M) Pago o abono en cuenta deducible;;;;;
242;51954004 PLASTICOS PARA EMPAQUE Y BOLSAS                   ;;; 1.994.165,00 ;; 1.994.165,00 ;;1001;5016;Sumatoria de valor por tercero (9);D;(M) Pago o abono en cuenta deducible;;;;;
243;519545 Taxis y Buses;;; 353.670,00 ;; 353.670,00 ;;1001;5016;Sumatoria de valor por tercero (9);D;(M) Pago o abono en cuenta deducible;;;;;
244;51954501 TAXIS Y BUSES                                     ;;; 18.821.377,00 ;; 18.821.377,00 ;;1001;5016;Sumatoria de valor por tercero (9);D;(M) Pago o abono en cuenta deducible;;;;;
245;51956001 CASINO Y RESTAURANTE                              ;;; 7.387.747,15 ;; 7.387.747,15 ;;1001;5016;Sumatoria de valor por tercero (9);D;(M) Pago o abono en cuenta deducible;;;;;
246;51957001 INDEMNIZACION POR DA¥OS A TERCEROS                ;;; 4.640.000,00 ;; 4.640.000,00 ;;1001;5016;Sumatoria de valor por tercero (9);D;(M) Pago o abono en cuenta deducible;;;;;
247;51959501 OTROS                                             ;;; 7.112.321,00 ;; 7.112.321,00 ;;1001;5016;Sumatoria de valor por tercero (9);D;(M) Pago o abono en cuenta deducible;;;;;
248;51959502 EXAMENES MEDICOS                                  ;;; 1.884.800,00 ;; 1.884.800,00 ;;1001;5016;Sumatoria de valor por tercero (9);D;(M) Pago o abono en cuenta deducible;;;;;
249;51959503 ACTIVOS MENORES                                   ;;; 4.350.400,00 ;; 4.350.400,00 ;;1001;5016;Sumatoria de valor por tercero (9);D;(M) Pago o abono en cuenta deducible;;;;;
250;51959504 EMERGENCIA COVID-19                               ;;; 252.630,00 ;; 252.630,00 ;;1001;5016;Sumatoria de valor por tercero (9);D;(M) Pago o abono en cuenta deducible;;;;;
251;51959505 OBSEQUIOS                                         ;;; 300.000,00 ; 0,10 ; 299.999,90 ;;1001;5016;Sumatoria de valor por tercero (9);D;(M) Pago o abono en cuenta deducible;;;;;
252;51959507 BONOS EMPLEADOS NO SALARIALES                     ;;; 372.605.282,00 ; 400.000,00 ; 372.205.282,00 ;;1001;5016;Sumatoria de valor por tercero (9);D;(M) Pago o abono en cuenta deducible;;;;;
253;51959508 GASTOS ADMINISTRATIVOS FUNZA                      ;;; 3.135.000,00 ;; 3.135.000,00 ;;1001;5016;Sumatoria de valor por tercero (9);D;(M) Pago o abono en cuenta deducible;;;;;
254;51959510 EVENTOS COLTRADE;;; 7.450.044,00 ; 1.150.000,00 ; 6.300.044,00 ;;1001;5016;Sumatoria de valor por tercero (9);D;(M) Pago o abono en cuenta deducible;;;;;
255;52050601 SUELDOS                                           ;;; 347.249.354,00 ; 37.637.248,00 ; 309.612.106,00 ;;2276;;Sumatoria de valor por empleado (21);D;(L) Pagos por salarios;;;;;
256;52051501 H E DIURNA ORDINARIA                              ;;; 2.338.413,00 ; 85.138,00 ; 2.253.275,00 ;;2276;;Sumatoria de valor por empleado (21);D;(L) Pagos por salarios;;;;;
257;52051503 H E DIURNA FESTIVA                                ;;; 5.207.337,00 ; 53.212,00 ; 5.154.125,00 ;;2276;;Sumatoria de valor por empleado (21);D;(L) Pagos por salarios;;;;;
258;52051801 COMISIONES                                        ;;; 83.178,00 ;; 83.178,00 ;;2276;;Sumatoria de valor por empleado (21);D;(L) Pagos por salarios;;;;;
259;52052401 INCAPACIDADES                                     ;;; 476.374,00 ; 95.275,00 ; 381.099,00 ;;2276;;Sumatoria de valor por empleado (21);D;(L) Pagos por salarios;;;;;
260;52052701 AUXILIO DE TRANSPORTE                             ;;; 6.026.400,00 ; 469.800,00 ; 5.556.600,00 ;;2276;;Sumatoria de valor por empleado (21);D;(L) Pagos por salarios;;;;;
261;52053001 CESANTIAS                                         ;;; 18.086.438,32 ;; 18.086.438,32 ;;;;;;;;;;;
262;52053301 INTERESS SOBRE CESANTIAS                          ;;; 2.018.020,59 ;; 2.018.020,59 ;;;;;;;;;;;
263;52053601 PRIMA DE SERVICIOS                                ;;; 18.060.183,32 ;; 18.060.183,32 ;;;;;;;;;;;
264;52053901 VACACIONES                                        ;;; 13.339.425,69 ; 725.000,00 ; 12.614.425,69 ;;;;;;;;;;;
265;52054801 BONIFICACIONES                                    ;;; 54.567.973,00 ; 14.926.997,00 ; 39.640.976,00 ;;2276;;Sumatoria de valor por empleado (21);D;(L) Pagos por salarios;;;;;
266;52056802 ARL SURA                                          ;;; 1.182.900,00 ;; 1.182.900,00 ;;1001;5011;Sumatoria de valor por tercero (6);D;(M) Pago o abono en cuenta deducible;;;;;
267;52057001 PROTECCION                                        ;;; 10.418.579,00 ;; 10.418.579,00 ;;1001;5012;Sumatoria de valor por tercero (7);D;(M) Pago o abono en cuenta deducible;;;;;
268;52057002 COLFONDOS                                         ;;; 2.123.734,00 ;; 2.123.734,00 ;;1001;5012;Sumatoria de valor por tercero (7);D;(M) Pago o abono en cuenta deducible;;;;;
269;52057003 OLD MUTUAL                                        ;;; 10.223.885,00 ;; 10.223.885,00 ;;1001;5012;Sumatoria de valor por tercero (7);D;(M) Pago o abono en cuenta deducible;;;;;
270;52057004 PORVENIR                                          ;;; 1.700.364,00 ;; 1.700.364,00 ;;1001;5012;Sumatoria de valor por tercero (7);D;(M) Pago o abono en cuenta deducible;;;;;
271;52057005 COLPENSIONES                                      ;;; 2.773.047,00 ;; 2.773.047,00 ;;1001;5012;Sumatoria de valor por tercero (7);D;(M) Pago o abono en cuenta deducible;;;;;
272;52057201 COMPENSAR C.C.F.                                  ;;; 8.032.000,00 ;; 8.032.000,00 ;;1001;5010;Sumatoria de valor por tercero (5);D;(M) Pago o abono en cuenta deducible;;;;;
273;52057203 COMFAMILIAR ATLANTICO;;; 525.100,00 ;; 525.100,00 ;;1001;5010;Sumatoria de valor por tercero (5);D;(M) Pago o abono en cuenta deducible;;;;;
274;52057204 COMFANDI;;; 474.000,00 ;; 474.000,00 ;;1001;5010;Sumatoria de valor por tercero (5);D;(M) Pago o abono en cuenta deducible;;;;;
275;52057206 COMFACOR;;; 383.700,00 ;; 383.700,00 ;;1001;5010;Sumatoria de valor por tercero (5);D;(M) Pago o abono en cuenta deducible;;;;;
276;52059501 OTROS                                             ;;; 6.971.400,00 ; 486.000,00 ; 6.485.400,00 ;;2276;;Sumatoria de valor por empleado (21);D;(L) Pagos por salarios;;;;;
277;52351001 SERVICIOS TEMPORALES (INTERACTUA)                 ;;; 212.350,60 ;; 212.350,60 ;;1001;5004;Sumatoria de valor por tercero (1);D;(M) Pago o abono en cuenta deducible;;;;;
278;52351003 SERVICIOS TEMPORAL (FORZA)                           ;;; 1.795.928.538,00 ;; 1.795.928.538,00 ;;1001;5004;Sumatoria de valor por tercero (1);D;(M) Pago o abono en cuenta deducible;;;;;
279;52351004 SERVICIOS TEMPORALES (GENTE OPORTUNA);;; 22.942.874,00 ; 140.623,00 ; 22.802.251,00 ;;1001;5004;Sumatoria de valor por tercero (1);D;(M) Pago o abono en cuenta deducible;;;;;
280;52352001 PROCESAMIENTO ELECTRONICO DE DATOS                ;;; 9.962.387,47 ; 66.468,16 ; 9.895.919,31 ;;1001;5004;Sumatoria de valor por tercero (1);D;(M) Pago o abono en cuenta deducible;;;;;
281;52352002 OPERACION DIGITAL                                 ;;; 80.009.760,00 ;; 80.009.760,00 ;;1001;5004;Sumatoria de valor por tercero (1);D;(M) Pago o abono en cuenta deducible;;;;;
282;52354001 CORREO PORTES Y TELEGRAMAS                        ;;; 48.691.267,15 ; 704.845,41 ; 47.986.421,74 ;;1001;5004;Sumatoria de valor por tercero (1);D;(M) Pago o abono en cuenta deducible;;;;;
283;52355001 TRANSPORTE FLETES Y ACARREOS                      ;;; 142.828.704,70 ; 571.238,00 ; 142.257.466,70 ;;1001;5004;Sumatoria de valor por tercero (1);D;(M) Pago o abono en cuenta deducible;;;;;
284;52356001 PROPAGANDA Y PUBLICIDAD                           ;;; 443.288.105,46 ; 1.119.357,49 ; 442.168.747,97 ;;1001;5004;Sumatoria de valor por tercero (1);D;(M) Pago o abono en cuenta deducible;;;;;
285;52356002 EXHIBICION DE PRODUCTOS                           ;;; 80.009.760,00 ;; 80.009.760,00 ;;1001;5004;Sumatoria de valor por tercero (1);D;(M) Pago o abono en cuenta deducible;;;;;
286;52356003 LOGISTICA DE PRODUCTOS                            ;;; 43.000.426,90 ; 265.844,54 ; 42.734.582,36 ;;1001;5004;Sumatoria de valor por tercero (1);D;(M) Pago o abono en cuenta deducible;;;;;
287;52356004 BONOS PUBLICITARIOS                               ;;; 45.182.340,00 ; 189.223,00 ; 44.993.117,00 ;;1001;5004;Sumatoria de valor por tercero (1);D;(M) Pago o abono en cuenta deducible;;;;;
288;52359505 MENSAJERIA URBANA                                 ;;; 290.000,00 ;; 290.000,00 ;;1001;5004;Sumatoria de valor por tercero (1);D;(M) Pago o abono en cuenta deducible;;;;;
289;52409501 OTROS MANDATO TERCEROS                            ;;; 2.152.100,00 ; 98.000,00 ; 2.054.100,00 ;;1001;5016;Sumatoria de valor por tercero (9);D;(M) Pago o abono en cuenta deducible;;;;;
290;52452001 EQ. DE OFICINA SALA DE VENTAS                     ;;; 830.000,00 ;; 830.000,00 ;;1001;5004;Sumatoria de valor por tercero (1);D;(M) Pago o abono en cuenta deducible;;;;;
291;52950501 COMISIONES DE VENTAS                              ;;; 34.775.778,03 ; 979.593,13 ; 33.796.184,90 ;;1001;5016;Sumatoria de valor por tercero (9);D;(M) Pago o abono en cuenta deducible;;;;;
292;52952001 GASTOS DE REPRESENTACION Y RELACION PU            ;;; 525.884,28 ;; 525.884,28 ;;1001;5016;Sumatoria de valor por tercero (9);D;(M) Pago o abono en cuenta deducible;;;;;
293;52956001 CASINO Y RESTAURANTE                              ;;; 10.136.375,01 ;; 10.136.375,01 ;;1001;5016;Sumatoria de valor por tercero (9);D;(M) Pago o abono en cuenta deducible;;;;;
294;52959502 OTRA TARIFA NACIONAL                              ;;; 5.925,00 ;; 5.925,00 ;;1001;5016;Sumatoria de valor por tercero (9);D;(M) Pago o abono en cuenta deducible;;;;;
295;52959507 MUESTRAS SIN VALOR COMERCIAL                      ;;; 2.573.055,06 ; 151.321,87 ; 2.421.733,19 ;;1001;5016;Sumatoria de valor por tercero (9);D;(M) Pago o abono en cuenta deducible;;;;;
296;52959508 GARANTIAS SOBRE VENTAS                            ;;; 1.604.300,00 ;; 1.604.300,00 ;;1001;5016;Sumatoria de valor por tercero (9);D;(M) Pago o abono en cuenta deducible;;;;;
297;52959509 GASTOS NO DEDUCIBLES GERENCIAS;;; 12.135.852,80 ;; 12.135.852,80 ;;1001;5016;Sumatoria de valor por tercero (9);D;(M) Pago o abono en cuenta deducible;;;;;
298;53050501 GASTOS BANCARIOS                                  ;;; 45.562.076,80 ; 262.585,06 ; 45.299.491,74 ;;1001;5016;Sumatoria de valor por tercero (9);D;(M) Pago o abono en cuenta deducible;;;;;
299;53051501 COMISIONES  BANCARIAS                             ;;; 23.346.361,00 ;; 23.346.361,00 ;;1001;5016;Sumatoria de valor por tercero (9);D;(M) Pago o abono en cuenta deducible;;;;;
300;53052001 INTERESES                                         ;;; 462.177.199,89 ; 92.595,69 ; 462.084.604,20 ;;1001;5016;Sumatoria de valor por tercero (9);D;(M) Pago o abono en cuenta deducible;;;;;
301;53052002 INTERESES DE MORA                                 ;;; 143.098.972,00 ; 4.315.798,00 ; 138.783.174,00 ;;1001;5016;Sumatoria de valor por tercero (9);D;(M) Pago o abono en cuenta deducible;;;;;
302;53052003 INTERESES A PARTICULARES                          ;;; 115.163.952,00 ;; 115.163.952,00 ;;1001;5016;Sumatoria de valor por tercero (9);D;(M) Pago o abono en cuenta deducible;;;;;
303;53052501 DIFERENCIA EN CAMBIO                              ;;; 200.504.494,93 ; 8.425.628,54 ; 192.078.866,39 ;;1001;5016;Sumatoria de valor por tercero (9);D;(M) Pago o abono en cuenta deducible;;;;;
304;53053501 DESCUENTOS COMERCIALES CONDICIONADOS              ;;; 806.375.378,98 ; 38.514.638,96 ; 767.860.740,02 ;;1001;5016;Sumatoria de valor por tercero (9);D;(M) Pago o abono en cuenta deducible;;;;;
305;53059501 CUATRO X MIL                                      ;;; 70.708.419,44 ; 240,00 ; 70.708.179,44 ;;1001;5016;Sumatoria de valor por tercero (9);D;(M) Pago o abono en cuenta deducible;;;;;
306;53151501 COSTOS Y GASTOS DE EJERCICIOS ANTERIORES          ;;; 896.985.109,50 ; 55.690,34 ; 896.929.419,16 ;;1001;5016;Sumatoria de valor por tercero (9);D;(M) Pago o abono en cuenta deducible;;;;;
307;53152001 IMPUESTOS ASUMIDOS                                ;;; 5.014.241,18 ; 97.304,94 ; 4.916.936,24 ;;1001;5016;Sumatoria de valor por tercero (9);D;(M) Pago o abono en cuenta deducible;;;;;
308;53952001 MULTAS SANCIONES Y LITIGIOS                       ;;; 61.200,00 ;; 61.200,00 ;;1001;5016;Sumatoria de valor por tercero (9);D;(M) Pago o abono en cuenta deducible;;;;;
309;53952501 DONACIONES COLTRADE;;; 1.800.000,00 ;; 1.800.000,00 ;;1001;5016;Sumatoria de valor por tercero (9);D;(M) Pago o abono en cuenta deducible;;;;;
310;53953001 FNG - FONDO NACIONAL DE GARANTIAS                 ;;; 56.154.981,00 ; 1.653.465,00 ; 54.501.516,00 ;;1001;5016;Sumatoria de valor por tercero (9);D;(M) Pago o abono en cuenta deducible;;;;;
311;53959501 AJUSTE AL PESO                                    ;;; 295.454,94 ; 56.361,61 ; 239.093,33 ;;1001;5016;Sumatoria de valor por tercero (9);D;(M) Pago o abono en cuenta deducible;;;;;
312;613595 Venta de Otros Productos;;;; 2.635.845,58 ;; 2.635.845,58 ;;;;;;;;;;
313;61359501 PRODUCTOS GRAVADOS AL 19%                         ;;; 652.984.217,60 ; 557.049.914,00 ; 95.934.303,60 ;;;;;;;;;;;
314;61359502 PRODUCTOS EXENTOS DE IVA                          ;;; 10.440.688,90 ; 7.033.208,82 ; 3.407.480,08 ;;;;;;;;;;;
315;999999 Ganancias/pérdidas no distribuidas; 274.960.477,65 ;; 167.610.196,70 ; 293.046.199,42 ; 149.524.474,93 ;;;;;;;;;;;
;Total; 7.910.669.446,85 ; 7.910.669.446,85 ; 586.539.725.378,37 ; 586.539.725.378,37 ; 485.967.981.360,77 ; 485.967.981.360,77 ;;;;;;;;;;
